{
    "*": {
        "max": 120,
        "min": 0
    },
    "yield": {
        "type": "number",
        "unique": {
            "27": 1,
            "30": 1,
            "32": 1,
            "38": 1,
            "47": 1,
            "48.86667": 1,
            "27.43334": 2,
            "39.93333": 1,
            "32.96667": 2,
            "28.96667": 1,
            "43.06666": 1,
            "55.2": 1,
            "28.76667": 1,
            "38.13333": 1,
            "29.13333": 1,
            "29.66667": 2,
            "35.13333": 2,
            "47.33333": 1,
            "25.76667": 1,
            "40.46667": 1,
            "25.7": 1,
            "39.9": 1,
            "50.23333": 1,
            "26.13333": 1,
            "41.33333": 1,
            "23.03333": 1,
            "26.3": 1,
            "36.56666": 1,
            "63.8333": 1,
            "43.76667": 1,
            "46.93333": 1,
            "29.76667": 1,
            "33.93333": 1,
            "43.26667": 1,
            "58.1": 1,
            "28.7": 1,
            "45.66667": 1,
            "32.16667": 1,
            "33.6": 1,
            "36.6": 1,
            "65.7667": 1,
            "30.36667": 1,
            "48.56666": 2,
            "24.93334": 1,
            "28.1": 1,
            "32.76667": 1,
            "29.86667": 1,
            "41.6": 1,
            "34.7": 1,
            "24.66667": 1,
            "46.76667": 1,
            "22.6": 1,
            "44.1": 1,
            "19.7": 1,
            "33.06666": 1,
            "39.3": 1,
            "58.8": 1,
            "29.46667": 1,
            "49.86667": 1,
            "34.46667": 1,
            "31.6": 1,
            "26.9": 1,
            "33.46667": 1,
            "34.36666": 1,
            "22.13333": 1,
            "22.56667": 1,
            "36.8": 1,
            "37.73333": 1,
            "26.16667": 1,
            "14.43333": 1,
            "25.86667": 1,
            "38.5": 1,
            "35.03333": 1,
            "20.63333": 2,
            "16.63333": 1,
            "22.23333": 1,
            "26.8": 1,
            "37.4": 1,
            "38.83333": 1,
            "32.06666": 1,
            "32.23333": 1,
            "22.46667": 1,
            "29.06667": 1,
            "49.2333": 1,
            "46.63333": 1,
            "41.83333": 1,
            "30.6": 1,
            "26.43334": 1,
            "42.2": 1,
            "43.53334": 1,
            "34.33333": 1,
            "19.46667": 1,
            "22.7": 1,
            "25.56667": 1,
            "44.7": 1,
            "30.53333": 1,
            "19.9": 1,
            "22.5": 1,
            "28.06667": 1,
            "36.03333": 1,
            "43.2": 1,
            "25.23333": 1,
            "26.76667": 1,
            "31.36667": 1,
            "41.26667": 1,
            "44.23333": 1,
            "32.13333": 1,
            "15.23333": 1,
            "27.36667": 1,
            "58.16667": 1,
            "47.16667": 1,
            "35.9": 1,
            "20.66667": 1,
            "29.33333": 1
        },
        "count": 120,
        "valid": 120,
        "missing": 0,
        "distinct": 114,
        "min": 14.43333,
        "max": 65.7667,
        "mean": 34.42055533333333,
        "stdev": 10.334706218846057,
        "median": 32.86667,
        "q1": 26.875,
        "q3": 41.3999975,
        "modeskew": 0.15035602371547974,
        "field": "yield"
    },
    "variety": {
        "type": "string",
        "unique": {
            "Manchuria": 12,
            "Glabron": 12,
            "Svansota": 12,
            "Velvet": 12,
            "Trebi": 12,
            "No. 457": 12,
            "No. 462": 12,
            "Peatland": 12,
            "No. 475": 12,
            "Wisconsin No. 38": 12
        },
        "count": 120,
        "valid": 120,
        "missing": 0,
        "distinct": 10,
        "min": 5,
        "max": 16,
        "mean": 8.000000000000004,
        "stdev": 2.875570823858319,
        "median": 7,
        "q1": 7,
        "q3": 8,
        "modeskew": 0.34775704069018404,
        "field": "variety"
    },
    "year": {
        "type": "number",
        "unique": {
            "1931": 60,
            "1932": 60
        },
        "count": 120,
        "valid": 120,
        "missing": 0,
        "distinct": 2,
        "min": 1931,
        "max": 1932,
        "mean": 1931.4999999999995,
        "stdev": 0.502096445253543,
        "median": 1931.5,
        "q1": 1931,
        "q3": 1932,
        "modeskew": -9.056972125282244e-13,
        "field": "year"
    },
    "site": {
        "type": "string",
        "unique": {
            "University Farm": 20,
            "Waseca": 20,
            "Morris": 20,
            "Crookston": 20,
            "Grand Rapids": 20,
            "Duluth": 20
        },
        "count": 120,
        "valid": 120,
        "missing": 0,
        "distinct": 6,
        "min": 6,
        "max": 15,
        "mean": 9,
        "stdev": 3.478626213914691,
        "median": 7.5,
        "q1": 6,
        "q3": 12,
        "modeskew": 0.43120470776650843,
        "field": "site"
    }
}